race_id,season,round,race_name,date,time,circuit_id
Other,1950,1,British Grand Prix,Other,12:00:00Z,silverstone
Other,1950,2,Monaco Grand Prix,Other,12:00:00Z,monaco
Other,1950,3,Other,Other,12:00:00Z,indianapolis
Other,1950,4,Other,Other,12:00:00Z,Other
Other,1950,5,Belgian Grand Prix,Other,12:00:00Z,spa
Other,1950,6,French Grand Prix,Other,12:00:00Z,Other
Other,1950,7,Italian Grand Prix,Other,12:00:00Z,monza
Other,1951,1,Other,Other,12:00:00Z,Other
Other,1951,2,Other,Other,12:00:00Z,indianapolis
Other,1951,3,Belgian Grand Prix,Other,12:00:00Z,spa
Other,1951,4,French Grand Prix,Other,12:00:00Z,Other
Other,1951,5,British Grand Prix,Other,12:00:00Z,silverstone
Other,1951,6,German Grand Prix,Other,12:00:00Z,nurburgring
Other,1951,7,Italian Grand Prix,Other,12:00:00Z,monza
Other,1951,8,Spanish Grand Prix,Other,12:00:00Z,Other
Other,1952,1,Other,Other,12:00:00Z,Other
Other,1952,2,Other,Other,12:00:00Z,indianapolis
Other,1952,3,Belgian Grand Prix,Other,12:00:00Z,spa
Other,1952,4,French Grand Prix,Other,12:00:00Z,Other
Other,1952,5,British Grand Prix,Other,12:00:00Z,silverstone
Other,1952,6,German Grand Prix,Other,12:00:00Z,nurburgring
Other,1952,7,Dutch Grand Prix,Other,12:00:00Z,zandvoort
Other,1952,8,Italian Grand Prix,Other,12:00:00Z,monza
Other,1953,1,Argentine Grand Prix,Other,12:00:00Z,galvez
Other,1953,2,Other,Other,12:00:00Z,indianapolis
Other,1953,3,Dutch Grand Prix,Other,12:00:00Z,zandvoort
Other,1953,4,Belgian Grand Prix,Other,12:00:00Z,spa
Other,1953,5,French Grand Prix,Other,12:00:00Z,Other
Other,1953,6,British Grand Prix,Other,12:00:00Z,silverstone
Other,1953,7,German Grand Prix,Other,12:00:00Z,nurburgring
Other,1953,8,Other,Other,12:00:00Z,Other
Other,1953,9,Italian Grand Prix,Other,12:00:00Z,monza
Other,1954,1,Argentine Grand Prix,Other,12:00:00Z,galvez
Other,1954,2,Other,Other,12:00:00Z,indianapolis
Other,1954,3,Belgian Grand Prix,Other,12:00:00Z,spa
Other,1954,4,French Grand Prix,Other,12:00:00Z,Other
Other,1954,5,British Grand Prix,Other,12:00:00Z,silverstone
Other,1954,6,German Grand Prix,Other,12:00:00Z,nurburgring
Other,1954,7,Other,Other,12:00:00Z,Other
Other,1954,8,Italian Grand Prix,Other,12:00:00Z,monza
Other,1954,9,Spanish Grand Prix,Other,12:00:00Z,Other
Other,1955,1,Argentine Grand Prix,Other,12:00:00Z,galvez
Other,1955,2,Monaco Grand Prix,Other,12:00:00Z,monaco
Other,1955,3,Other,Other,12:00:00Z,indianapolis
Other,1955,4,Belgian Grand Prix,Other,12:00:00Z,spa
Other,1955,5,Dutch Grand Prix,Other,12:00:00Z,zandvoort
Other,1955,6,British Grand Prix,Other,12:00:00Z,Other
Other,1955,7,Italian Grand Prix,Other,12:00:00Z,monza
Other,1956,1,Argentine Grand Prix,Other,12:00:00Z,galvez
Other,1956,2,Monaco Grand Prix,Other,12:00:00Z,monaco
Other,1956,3,Other,Other,12:00:00Z,indianapolis
Other,1956,4,Belgian Grand Prix,Other,12:00:00Z,spa
Other,1956,5,French Grand Prix,Other,12:00:00Z,Other
Other,1956,6,British Grand Prix,Other,12:00:00Z,silverstone
Other,1956,7,German Grand Prix,Other,12:00:00Z,nurburgring
Other,1956,8,Italian Grand Prix,Other,12:00:00Z,monza
Other,1957,1,Argentine Grand Prix,Other,12:00:00Z,galvez
Other,1957,2,Monaco Grand Prix,Other,12:00:00Z,monaco
Other,1957,3,Other,Other,12:00:00Z,indianapolis
Other,1957,4,French Grand Prix,Other,12:00:00Z,Other
Other,1957,5,British Grand Prix,Other,12:00:00Z,Other
Other,1957,6,German Grand Prix,Other,12:00:00Z,nurburgring
Other,1957,7,Other,Other,12:00:00Z,Other
Other,1957,8,Italian Grand Prix,Other,12:00:00Z,monza
Other,1958,1,Argentine Grand Prix,Other,12:00:00Z,galvez
Other,1958,2,Monaco Grand Prix,Other,12:00:00Z,monaco
Other,1958,3,Dutch Grand Prix,Other,12:00:00Z,zandvoort
Other,1958,4,Other,Other,12:00:00Z,indianapolis
Other,1958,5,Belgian Grand Prix,Other,12:00:00Z,spa
Other,1958,6,French Grand Prix,Other,12:00:00Z,Other
Other,1958,7,British Grand Prix,Other,12:00:00Z,silverstone
Other,1958,8,German Grand Prix,Other,12:00:00Z,nurburgring
Other,1958,9,Portuguese Grand Prix,Other,12:00:00Z,Other
Other,1958,10,Italian Grand Prix,Other,12:00:00Z,monza
Other,1958,11,Other,Other,12:00:00Z,Other
Other,1959,1,Monaco Grand Prix,Other,12:00:00Z,monaco
Other,1959,2,Other,Other,12:00:00Z,indianapolis
Other,1959,3,Dutch Grand Prix,Other,12:00:00Z,zandvoort
Other,1959,4,French Grand Prix,Other,12:00:00Z,Other
Other,1959,5,British Grand Prix,Other,12:00:00Z,Other
Other,1959,6,German Grand Prix,Other,12:00:00Z,Other
Other,1959,7,Portuguese Grand Prix,Other,12:00:00Z,Other
Other,1959,8,Italian Grand Prix,Other,12:00:00Z,monza
Other,1959,9,United States Grand Prix,Other,12:00:00Z,Other
Other,1960,1,Argentine Grand Prix,Other,12:00:00Z,galvez
Other,1960,2,Monaco Grand Prix,Other,12:00:00Z,monaco
Other,1960,3,Other,Other,12:00:00Z,indianapolis
Other,1960,4,Dutch Grand Prix,Other,12:00:00Z,zandvoort
Other,1960,5,Belgian Grand Prix,Other,12:00:00Z,spa
Other,1960,6,French Grand Prix,Other,12:00:00Z,Other
Other,1960,7,British Grand Prix,Other,12:00:00Z,silverstone
Other,1960,8,Portuguese Grand Prix,Other,12:00:00Z,Other
Other,1960,9,Italian Grand Prix,Other,12:00:00Z,monza
Other,1960,10,United States Grand Prix,Other,12:00:00Z,Other
Other,1961,1,Monaco Grand Prix,Other,12:00:00Z,monaco
Other,1961,2,Dutch Grand Prix,Other,12:00:00Z,zandvoort
Other,1961,3,Belgian Grand Prix,Other,12:00:00Z,spa
Other,1961,4,French Grand Prix,Other,12:00:00Z,Other
Other,1961,5,British Grand Prix,Other,12:00:00Z,Other
Other,1961,6,German Grand Prix,Other,12:00:00Z,nurburgring
Other,1961,7,Italian Grand Prix,Other,12:00:00Z,monza
Other,1961,8,United States Grand Prix,Other,12:00:00Z,watkins_glen
Other,1962,1,Dutch Grand Prix,Other,12:00:00Z,zandvoort
Other,1962,2,Monaco Grand Prix,Other,12:00:00Z,monaco
Other,1962,3,Belgian Grand Prix,Other,12:00:00Z,spa
Other,1962,4,French Grand Prix,Other,12:00:00Z,Other
Other,1962,5,British Grand Prix,Other,12:00:00Z,Other
Other,1962,6,German Grand Prix,Other,12:00:00Z,nurburgring
Other,1962,7,Italian Grand Prix,Other,12:00:00Z,monza
Other,1962,8,United States Grand Prix,Other,12:00:00Z,watkins_glen
Other,1962,9,South African Grand Prix,Other,12:00:00Z,Other
Other,1963,1,Monaco Grand Prix,Other,12:00:00Z,monaco
Other,1963,2,Belgian Grand Prix,Other,12:00:00Z,spa
Other,1963,3,Dutch Grand Prix,Other,12:00:00Z,zandvoort
Other,1963,4,French Grand Prix,Other,12:00:00Z,Other
Other,1963,5,British Grand Prix,Other,12:00:00Z,silverstone
Other,1963,6,German Grand Prix,Other,12:00:00Z,nurburgring
Other,1963,7,Italian Grand Prix,Other,12:00:00Z,monza
Other,1963,8,United States Grand Prix,Other,12:00:00Z,watkins_glen
Other,1963,9,Mexican Grand Prix,Other,12:00:00Z,rodriguez
Other,1963,10,South African Grand Prix,Other,12:00:00Z,Other
Other,1964,1,Monaco Grand Prix,Other,12:00:00Z,monaco
Other,1964,2,Dutch Grand Prix,Other,12:00:00Z,zandvoort
Other,1964,3,Belgian Grand Prix,Other,12:00:00Z,spa
Other,1964,4,French Grand Prix,Other,12:00:00Z,Other
Other,1964,5,British Grand Prix,Other,12:00:00Z,brands_hatch
Other,1964,6,German Grand Prix,Other,12:00:00Z,nurburgring
Other,1964,7,Austrian Grand Prix,Other,12:00:00Z,Other
Other,1964,8,Italian Grand Prix,Other,12:00:00Z,monza
Other,1964,9,United States Grand Prix,Other,12:00:00Z,watkins_glen
Other,1964,10,Mexican Grand Prix,Other,12:00:00Z,rodriguez
Other,1965,1,South African Grand Prix,Other,12:00:00Z,Other
Other,1965,2,Monaco Grand Prix,Other,12:00:00Z,monaco
Other,1965,3,Belgian Grand Prix,Other,12:00:00Z,spa
Other,1965,4,French Grand Prix,Other,12:00:00Z,Other
Other,1965,5,British Grand Prix,Other,12:00:00Z,silverstone
Other,1965,6,Dutch Grand Prix,Other,12:00:00Z,zandvoort
Other,1965,7,German Grand Prix,Other,12:00:00Z,nurburgring
Other,1965,8,Italian Grand Prix,Other,12:00:00Z,monza
Other,1965,9,United States Grand Prix,Other,12:00:00Z,watkins_glen
Other,1965,10,Mexican Grand Prix,Other,12:00:00Z,rodriguez
Other,1966,1,Monaco Grand Prix,Other,12:00:00Z,monaco
Other,1966,2,Belgian Grand Prix,Other,12:00:00Z,spa
Other,1966,3,French Grand Prix,Other,12:00:00Z,Other
Other,1966,4,British Grand Prix,Other,12:00:00Z,brands_hatch
Other,1966,5,Dutch Grand Prix,Other,12:00:00Z,zandvoort
Other,1966,6,German Grand Prix,Other,12:00:00Z,nurburgring
Other,1966,7,Italian Grand Prix,Other,12:00:00Z,monza
Other,1966,8,United States Grand Prix,Other,12:00:00Z,watkins_glen
Other,1966,9,Mexican Grand Prix,Other,12:00:00Z,rodriguez
Other,1967,1,South African Grand Prix,Other,12:00:00Z,kyalami
Other,1967,2,Monaco Grand Prix,Other,12:00:00Z,monaco
Other,1967,3,Dutch Grand Prix,Other,12:00:00Z,zandvoort
Other,1967,4,Belgian Grand Prix,Other,12:00:00Z,spa
Other,1967,5,French Grand Prix,Other,12:00:00Z,Other
Other,1967,6,British Grand Prix,Other,12:00:00Z,silverstone
Other,1967,7,German Grand Prix,Other,12:00:00Z,nurburgring
Other,1967,8,Canadian Grand Prix,Other,12:00:00Z,Other
Other,1967,9,Italian Grand Prix,Other,12:00:00Z,monza
Other,1967,10,United States Grand Prix,Other,12:00:00Z,watkins_glen
Other,1967,11,Mexican Grand Prix,Other,12:00:00Z,rodriguez
Other,1968,1,South African Grand Prix,Other,12:00:00Z,kyalami
Other,1968,2,Spanish Grand Prix,Other,12:00:00Z,Other
Other,1968,3,Monaco Grand Prix,Other,12:00:00Z,monaco
Other,1968,4,Belgian Grand Prix,Other,12:00:00Z,spa
Other,1968,5,Dutch Grand Prix,Other,12:00:00Z,zandvoort
Other,1968,6,French Grand Prix,Other,12:00:00Z,Other
Other,1968,7,British Grand Prix,Other,12:00:00Z,brands_hatch
Other,1968,8,German Grand Prix,Other,12:00:00Z,nurburgring
Other,1968,9,Italian Grand Prix,Other,12:00:00Z,monza
Other,1968,10,Canadian Grand Prix,Other,12:00:00Z,Other
Other,1968,11,United States Grand Prix,Other,12:00:00Z,watkins_glen
Other,1968,12,Mexican Grand Prix,Other,12:00:00Z,rodriguez
Other,1969,1,South African Grand Prix,Other,12:00:00Z,kyalami
Other,1969,2,Spanish Grand Prix,Other,12:00:00Z,Other
Other,1969,3,Monaco Grand Prix,Other,12:00:00Z,monaco
Other,1969,4,Dutch Grand Prix,Other,12:00:00Z,zandvoort
Other,1969,5,French Grand Prix,Other,12:00:00Z,Other
Other,1969,6,British Grand Prix,Other,12:00:00Z,silverstone
Other,1969,7,German Grand Prix,Other,12:00:00Z,nurburgring
Other,1969,8,Italian Grand Prix,Other,12:00:00Z,monza
Other,1969,9,Canadian Grand Prix,Other,12:00:00Z,Other
Other,1969,10,United States Grand Prix,Other,12:00:00Z,watkins_glen
Other,1969,11,Mexican Grand Prix,Other,12:00:00Z,rodriguez
Other,1970,1,South African Grand Prix,Other,12:00:00Z,kyalami
Other,1970,2,Spanish Grand Prix,Other,12:00:00Z,Other
Other,1970,3,Monaco Grand Prix,Other,12:00:00Z,monaco
Other,1970,4,Belgian Grand Prix,Other,12:00:00Z,spa
Other,1970,5,Dutch Grand Prix,Other,12:00:00Z,zandvoort
Other,1970,6,French Grand Prix,Other,12:00:00Z,Other
Other,1970,7,British Grand Prix,Other,12:00:00Z,brands_hatch
Other,1970,8,German Grand Prix,Other,12:00:00Z,hockenheimring
Other,1970,9,Austrian Grand Prix,Other,12:00:00Z,red_bull_ring
Other,1970,10,Italian Grand Prix,Other,12:00:00Z,monza
Other,1970,11,Canadian Grand Prix,Other,12:00:00Z,Other
Other,1970,12,United States Grand Prix,Other,12:00:00Z,watkins_glen
Other,1970,13,Mexican Grand Prix,Other,12:00:00Z,rodriguez
Other,1971,1,South African Grand Prix,Other,12:00:00Z,kyalami
Other,1971,2,Spanish Grand Prix,Other,12:00:00Z,Other
Other,1971,3,Monaco Grand Prix,Other,12:00:00Z,monaco
Other,1971,4,Dutch Grand Prix,Other,12:00:00Z,zandvoort
Other,1971,5,French Grand Prix,Other,12:00:00Z,ricard
Other,1971,6,British Grand Prix,Other,12:00:00Z,silverstone
Other,1971,7,German Grand Prix,Other,12:00:00Z,nurburgring
Other,1971,8,Austrian Grand Prix,Other,12:00:00Z,red_bull_ring
Other,1971,9,Italian Grand Prix,Other,12:00:00Z,monza
Other,1971,10,Canadian Grand Prix,Other,12:00:00Z,Other
Other,1971,11,United States Grand Prix,Other,12:00:00Z,watkins_glen
Other,1972,1,Argentine Grand Prix,Other,12:00:00Z,galvez
Other,1972,2,South African Grand Prix,Other,12:00:00Z,kyalami
Other,1972,3,Spanish Grand Prix,Other,12:00:00Z,Other
Other,1972,4,Monaco Grand Prix,Other,12:00:00Z,monaco
Other,1972,5,Belgian Grand Prix,Other,12:00:00Z,Other
Other,1972,6,French Grand Prix,Other,12:00:00Z,Other
Other,1972,7,British Grand Prix,Other,12:00:00Z,brands_hatch
Other,1972,8,German Grand Prix,Other,12:00:00Z,nurburgring
Other,1972,9,Austrian Grand Prix,Other,12:00:00Z,red_bull_ring
Other,1972,10,Italian Grand Prix,Other,12:00:00Z,monza
Other,1972,11,Canadian Grand Prix,Other,12:00:00Z,Other
Other,1972,12,United States Grand Prix,Other,12:00:00Z,watkins_glen
Other,1973,1,Argentine Grand Prix,Other,12:00:00Z,galvez
Other,1973,2,Brazilian Grand Prix,Other,12:00:00Z,interlagos
Other,1973,3,South African Grand Prix,Other,12:00:00Z,kyalami
Other,1973,4,Spanish Grand Prix,Other,12:00:00Z,Other
Other,1973,5,Belgian Grand Prix,Other,12:00:00Z,Other
Other,1973,6,Monaco Grand Prix,Other,12:00:00Z,monaco
Other,1973,7,Other,Other,12:00:00Z,Other
Other,1973,8,French Grand Prix,Other,12:00:00Z,ricard
Other,1973,9,British Grand Prix,Other,12:00:00Z,silverstone
Other,1973,10,Dutch Grand Prix,Other,12:00:00Z,zandvoort
Other,1973,11,German Grand Prix,Other,12:00:00Z,nurburgring
Other,1973,12,Austrian Grand Prix,Other,12:00:00Z,red_bull_ring
Other,1973,13,Italian Grand Prix,Other,12:00:00Z,monza
Other,1973,14,Canadian Grand Prix,Other,12:00:00Z,Other
Other,1973,15,United States Grand Prix,Other,12:00:00Z,watkins_glen
Other,1974,1,Argentine Grand Prix,Other,12:00:00Z,galvez
Other,1974,2,Brazilian Grand Prix,Other,12:00:00Z,interlagos
Other,1974,3,South African Grand Prix,Other,12:00:00Z,kyalami
Other,1974,4,Spanish Grand Prix,Other,12:00:00Z,Other
Other,1974,5,Belgian Grand Prix,Other,12:00:00Z,Other
Other,1974,6,Monaco Grand Prix,Other,12:00:00Z,monaco
Other,1974,7,Other,Other,12:00:00Z,Other
Other,1974,8,Dutch Grand Prix,Other,12:00:00Z,zandvoort
Other,1974,9,French Grand Prix,Other,12:00:00Z,Other
Other,1974,10,British Grand Prix,Other,12:00:00Z,brands_hatch
Other,1974,11,German Grand Prix,Other,12:00:00Z,nurburgring
Other,1974,12,Austrian Grand Prix,Other,12:00:00Z,red_bull_ring
Other,1974,13,Italian Grand Prix,Other,12:00:00Z,monza
Other,1974,14,Canadian Grand Prix,Other,12:00:00Z,Other
Other,1974,15,United States Grand Prix,Other,12:00:00Z,watkins_glen
Other,1975,1,Argentine Grand Prix,Other,12:00:00Z,galvez
Other,1975,2,Brazilian Grand Prix,Other,12:00:00Z,interlagos
Other,1975,3,South African Grand Prix,Other,12:00:00Z,kyalami
Other,1975,4,Spanish Grand Prix,Other,12:00:00Z,Other
Other,1975,5,Monaco Grand Prix,Other,12:00:00Z,monaco
Other,1975,6,Belgian Grand Prix,Other,12:00:00Z,Other
Other,1975,7,Other,Other,12:00:00Z,Other
Other,1975,8,Dutch Grand Prix,Other,12:00:00Z,zandvoort
Other,1975,9,French Grand Prix,Other,12:00:00Z,ricard
Other,1975,10,British Grand Prix,Other,12:00:00Z,silverstone
Other,1975,11,German Grand Prix,Other,12:00:00Z,nurburgring
Other,1975,12,Austrian Grand Prix,Other,12:00:00Z,red_bull_ring
Other,1975,13,Italian Grand Prix,Other,12:00:00Z,monza
Other,1975,14,United States Grand Prix,Other,12:00:00Z,watkins_glen
Other,1976,1,Brazilian Grand Prix,Other,12:00:00Z,interlagos
Other,1976,2,South African Grand Prix,Other,12:00:00Z,kyalami
Other,1976,3,Other,Other,12:00:00Z,Other
Other,1976,4,Spanish Grand Prix,Other,12:00:00Z,Other
Other,1976,5,Belgian Grand Prix,Other,12:00:00Z,Other
Other,1976,6,Monaco Grand Prix,Other,12:00:00Z,monaco
Other,1976,7,Other,Other,12:00:00Z,Other
Other,1976,8,French Grand Prix,Other,12:00:00Z,ricard
Other,1976,9,British Grand Prix,Other,12:00:00Z,brands_hatch
Other,1976,10,German Grand Prix,Other,12:00:00Z,nurburgring
Other,1976,11,Austrian Grand Prix,Other,12:00:00Z,red_bull_ring
Other,1976,12,Dutch Grand Prix,Other,12:00:00Z,zandvoort
Other,1976,13,Italian Grand Prix,Other,12:00:00Z,monza
Other,1976,14,Canadian Grand Prix,Other,12:00:00Z,Other
Other,1976,15,United States Grand Prix,Other,12:00:00Z,watkins_glen
Other,1976,16,Japanese Grand Prix,Other,12:00:00Z,Other
Other,1977,1,Argentine Grand Prix,Other,12:00:00Z,galvez
Other,1977,2,Brazilian Grand Prix,Other,12:00:00Z,interlagos
Other,1977,3,South African Grand Prix,Other,12:00:00Z,kyalami
Other,1977,4,Other,Other,12:00:00Z,Other
Other,1977,5,Spanish Grand Prix,Other,12:00:00Z,Other
Other,1977,6,Monaco Grand Prix,Other,12:00:00Z,monaco
Other,1977,7,Belgian Grand Prix,Other,12:00:00Z,Other
Other,1977,8,Other,Other,12:00:00Z,Other
Other,1977,9,French Grand Prix,Other,12:00:00Z,Other
Other,1977,10,British Grand Prix,Other,12:00:00Z,silverstone
Other,1977,11,German Grand Prix,Other,12:00:00Z,hockenheimring
Other,1977,12,Austrian Grand Prix,Other,12:00:00Z,red_bull_ring
Other,1977,13,Dutch Grand Prix,Other,12:00:00Z,zandvoort
Other,1977,14,Italian Grand Prix,Other,12:00:00Z,monza
Other,1977,15,United States Grand Prix,Other,12:00:00Z,watkins_glen
Other,1977,16,Canadian Grand Prix,Other,12:00:00Z,Other
Other,1977,17,Japanese Grand Prix,Other,12:00:00Z,Other
Other,1978,1,Argentine Grand Prix,Other,12:00:00Z,galvez
Other,1978,2,Brazilian Grand Prix,Other,12:00:00Z,Other
Other,1978,3,South African Grand Prix,Other,12:00:00Z,kyalami
Other,1978,4,Other,Other,12:00:00Z,Other
Other,1978,5,Monaco Grand Prix,Other,12:00:00Z,monaco
Other,1978,6,Belgian Grand Prix,Other,12:00:00Z,Other
Other,1978,7,Spanish Grand Prix,Other,12:00:00Z,Other
Other,1978,8,Other,Other,12:00:00Z,Other
Other,1978,9,French Grand Prix,Other,12:00:00Z,ricard
Other,1978,10,British Grand Prix,Other,12:00:00Z,brands_hatch
Other,1978,11,German Grand Prix,Other,12:00:00Z,hockenheimring
Other,1978,12,Austrian Grand Prix,Other,12:00:00Z,red_bull_ring
Other,1978,13,Dutch Grand Prix,Other,12:00:00Z,zandvoort
Other,1978,14,Italian Grand Prix,Other,12:00:00Z,monza
Other,1978,15,United States Grand Prix,Other,12:00:00Z,watkins_glen
Other,1978,16,Canadian Grand Prix,Other,12:00:00Z,villeneuve
Other,1979,1,Argentine Grand Prix,Other,12:00:00Z,galvez
Other,1979,2,Brazilian Grand Prix,Other,12:00:00Z,interlagos
Other,1979,3,South African Grand Prix,Other,12:00:00Z,kyalami
Other,1979,4,Other,Other,12:00:00Z,Other
Other,1979,5,Spanish Grand Prix,Other,12:00:00Z,Other
Other,1979,6,Belgian Grand Prix,Other,12:00:00Z,Other
Other,1979,7,Monaco Grand Prix,Other,12:00:00Z,monaco
Other,1979,8,French Grand Prix,Other,12:00:00Z,Other
Other,1979,9,British Grand Prix,Other,12:00:00Z,silverstone
Other,1979,10,German Grand Prix,Other,12:00:00Z,hockenheimring
Other,1979,11,Austrian Grand Prix,Other,12:00:00Z,red_bull_ring
Other,1979,12,Dutch Grand Prix,Other,12:00:00Z,zandvoort
Other,1979,13,Italian Grand Prix,Other,12:00:00Z,monza
Other,1979,14,Canadian Grand Prix,Other,12:00:00Z,villeneuve
Other,1979,15,United States Grand Prix,Other,12:00:00Z,watkins_glen
Other,1980,1,Argentine Grand Prix,Other,12:00:00Z,galvez
Other,1980,2,Brazilian Grand Prix,Other,12:00:00Z,interlagos
Other,1980,3,South African Grand Prix,Other,12:00:00Z,kyalami
Other,1980,4,Other,Other,12:00:00Z,Other
Other,1980,5,Belgian Grand Prix,Other,12:00:00Z,Other
Other,1980,6,Monaco Grand Prix,Other,12:00:00Z,monaco
Other,1980,7,French Grand Prix,Other,12:00:00Z,ricard
Other,1980,8,British Grand Prix,Other,12:00:00Z,brands_hatch
Other,1980,9,German Grand Prix,Other,12:00:00Z,hockenheimring
Other,1980,10,Austrian Grand Prix,Other,12:00:00Z,red_bull_ring
Other,1980,11,Dutch Grand Prix,Other,12:00:00Z,zandvoort
Other,1980,12,Italian Grand Prix,Other,12:00:00Z,imola
Other,1980,13,Canadian Grand Prix,Other,12:00:00Z,villeneuve
Other,1980,14,United States Grand Prix,Other,12:00:00Z,watkins_glen
Other,1981,1,Other,Other,12:00:00Z,Other
Other,1981,2,Brazilian Grand Prix,Other,12:00:00Z,Other
Other,1981,3,Argentine Grand Prix,Other,12:00:00Z,galvez
Other,1981,4,San Marino Grand Prix,Other,12:00:00Z,imola
Other,1981,5,Belgian Grand Prix,Other,12:00:00Z,Other
Other,1981,6,Monaco Grand Prix,Other,12:00:00Z,monaco
Other,1981,7,Spanish Grand Prix,Other,12:00:00Z,Other
Other,1981,8,French Grand Prix,Other,12:00:00Z,Other
Other,1981,9,British Grand Prix,Other,12:00:00Z,silverstone
Other,1981,10,German Grand Prix,Other,12:00:00Z,hockenheimring
Other,1981,11,Austrian Grand Prix,Other,12:00:00Z,red_bull_ring
Other,1981,12,Dutch Grand Prix,Other,12:00:00Z,zandvoort
Other,1981,13,Italian Grand Prix,Other,12:00:00Z,monza
Other,1981,14,Canadian Grand Prix,Other,12:00:00Z,villeneuve
Other,1981,15,Other,Other,12:00:00Z,Other
Other,1982,1,South African Grand Prix,Other,12:00:00Z,kyalami
Other,1982,2,Brazilian Grand Prix,Other,12:00:00Z,Other
Other,1982,3,Other,Other,12:00:00Z,Other
Other,1982,4,San Marino Grand Prix,Other,12:00:00Z,imola
Other,1982,5,Belgian Grand Prix,Other,12:00:00Z,Other
Other,1982,6,Monaco Grand Prix,Other,12:00:00Z,monaco
Other,1982,7,Other,Other,12:00:00Z,Other
Other,1982,8,Canadian Grand Prix,Other,12:00:00Z,villeneuve
Other,1982,9,Dutch Grand Prix,Other,12:00:00Z,zandvoort
Other,1982,10,British Grand Prix,Other,12:00:00Z,brands_hatch
Other,1982,11,French Grand Prix,Other,12:00:00Z,ricard
Other,1982,12,German Grand Prix,Other,12:00:00Z,hockenheimring
Other,1982,13,Austrian Grand Prix,Other,12:00:00Z,red_bull_ring
Other,1982,14,Other,Other,12:00:00Z,Other
Other,1982,15,Italian Grand Prix,Other,12:00:00Z,monza
Other,1982,16,Other,Other,12:00:00Z,Other
Other,1983,1,Brazilian Grand Prix,Other,12:00:00Z,Other
Other,1983,2,Other,Other,12:00:00Z,Other
Other,1983,3,French Grand Prix,Other,12:00:00Z,ricard
Other,1983,4,San Marino Grand Prix,Other,12:00:00Z,imola
Other,1983,5,Monaco Grand Prix,Other,12:00:00Z,monaco
Other,1983,6,Belgian Grand Prix,Other,12:00:00Z,spa
Other,1983,7,Other,Other,12:00:00Z,Other
Other,1983,8,Canadian Grand Prix,Other,12:00:00Z,villeneuve
Other,1983,9,British Grand Prix,Other,12:00:00Z,silverstone
Other,1983,10,German Grand Prix,Other,12:00:00Z,hockenheimring
Other,1983,11,Austrian Grand Prix,Other,12:00:00Z,red_bull_ring
Other,1983,12,Dutch Grand Prix,Other,12:00:00Z,zandvoort
Other,1983,13,Italian Grand Prix,Other,12:00:00Z,monza
Other,1983,14,European Grand Prix,Other,12:00:00Z,brands_hatch
Other,1983,15,South African Grand Prix,Other,12:00:00Z,kyalami
Other,1984,1,Brazilian Grand Prix,Other,12:00:00Z,Other
Other,1984,2,South African Grand Prix,Other,12:00:00Z,kyalami
Other,1984,3,Belgian Grand Prix,Other,12:00:00Z,Other
Other,1984,4,San Marino Grand Prix,Other,12:00:00Z,imola
Other,1984,5,French Grand Prix,Other,12:00:00Z,Other
Other,1984,6,Monaco Grand Prix,Other,12:00:00Z,monaco
Other,1984,7,Canadian Grand Prix,Other,12:00:00Z,villeneuve
Other,1984,8,Other,Other,12:00:00Z,Other
Other,1984,9,Other,Other,12:00:00Z,Other
Other,1984,10,British Grand Prix,Other,12:00:00Z,brands_hatch
Other,1984,11,German Grand Prix,Other,12:00:00Z,hockenheimring
Other,1984,12,Austrian Grand Prix,Other,12:00:00Z,red_bull_ring
Other,1984,13,Dutch Grand Prix,Other,12:00:00Z,zandvoort
Other,1984,14,Italian Grand Prix,Other,12:00:00Z,monza
Other,1984,15,European Grand Prix,Other,12:00:00Z,nurburgring
Other,1984,16,Portuguese Grand Prix,Other,12:00:00Z,estoril
Other,1985,1,Brazilian Grand Prix,Other,12:00:00Z,Other
Other,1985,2,Portuguese Grand Prix,Other,12:00:00Z,estoril
Other,1985,3,San Marino Grand Prix,Other,12:00:00Z,imola
Other,1985,4,Monaco Grand Prix,Other,12:00:00Z,monaco
Other,1985,5,Canadian Grand Prix,Other,12:00:00Z,villeneuve
Other,1985,6,Other,Other,12:00:00Z,Other
Other,1985,7,French Grand Prix,Other,12:00:00Z,ricard
Other,1985,8,British Grand Prix,Other,12:00:00Z,silverstone
Other,1985,9,German Grand Prix,Other,12:00:00Z,nurburgring
Other,1985,10,Austrian Grand Prix,Other,12:00:00Z,red_bull_ring
Other,1985,11,Dutch Grand Prix,Other,12:00:00Z,zandvoort
Other,1985,12,Italian Grand Prix,Other,12:00:00Z,monza
Other,1985,13,Belgian Grand Prix,Other,12:00:00Z,spa
Other,1985,14,European Grand Prix,Other,12:00:00Z,brands_hatch
Other,1985,15,South African Grand Prix,Other,12:00:00Z,kyalami
Other,1985,16,Australian Grand Prix,Other,12:00:00Z,Other
Other,1986,1,Brazilian Grand Prix,Other,12:00:00Z,Other
Other,1986,2,Spanish Grand Prix,Other,12:00:00Z,Other
Other,1986,3,San Marino Grand Prix,Other,12:00:00Z,imola
Other,1986,4,Monaco Grand Prix,Other,12:00:00Z,monaco
Other,1986,5,Belgian Grand Prix,Other,12:00:00Z,spa
Other,1986,6,Canadian Grand Prix,Other,12:00:00Z,villeneuve
Other,1986,7,Other,Other,12:00:00Z,Other
Other,1986,8,French Grand Prix,Other,12:00:00Z,ricard
Other,1986,9,British Grand Prix,Other,12:00:00Z,brands_hatch
Other,1986,10,German Grand Prix,Other,12:00:00Z,hockenheimring
Other,1986,11,Hungarian Grand Prix,Other,12:00:00Z,hungaroring
Other,1986,12,Austrian Grand Prix,Other,12:00:00Z,red_bull_ring
Other,1986,13,Italian Grand Prix,Other,12:00:00Z,monza
Other,1986,14,Portuguese Grand Prix,Other,12:00:00Z,estoril
Other,1986,15,Mexican Grand Prix,Other,12:00:00Z,rodriguez
Other,1986,16,Australian Grand Prix,Other,12:00:00Z,Other
Other,1987,1,Brazilian Grand Prix,Other,12:00:00Z,Other
Other,1987,2,San Marino Grand Prix,Other,12:00:00Z,imola
Other,1987,3,Belgian Grand Prix,Other,12:00:00Z,spa
Other,1987,4,Monaco Grand Prix,Other,12:00:00Z,monaco
Other,1987,5,Other,Other,12:00:00Z,Other
Other,1987,6,French Grand Prix,Other,12:00:00Z,ricard
Other,1987,7,British Grand Prix,Other,12:00:00Z,silverstone
Other,1987,8,German Grand Prix,Other,12:00:00Z,hockenheimring
Other,1987,9,Hungarian Grand Prix,Other,12:00:00Z,hungaroring
Other,1987,10,Austrian Grand Prix,Other,12:00:00Z,red_bull_ring
Other,1987,11,Italian Grand Prix,Other,12:00:00Z,monza
Other,1987,12,Portuguese Grand Prix,Other,12:00:00Z,estoril
Other,1987,13,Spanish Grand Prix,Other,12:00:00Z,Other
Other,1987,14,Mexican Grand Prix,Other,12:00:00Z,rodriguez
Other,1987,15,Japanese Grand Prix,Other,12:00:00Z,suzuka
Other,1987,16,Australian Grand Prix,Other,12:00:00Z,Other
Other,1988,1,Brazilian Grand Prix,Other,12:00:00Z,Other
Other,1988,2,San Marino Grand Prix,Other,12:00:00Z,imola
Other,1988,3,Monaco Grand Prix,Other,12:00:00Z,monaco
Other,1988,4,Mexican Grand Prix,Other,12:00:00Z,rodriguez
Other,1988,5,Canadian Grand Prix,Other,12:00:00Z,villeneuve
Other,1988,6,Other,Other,12:00:00Z,Other
Other,1988,7,French Grand Prix,Other,12:00:00Z,ricard
Other,1988,8,British Grand Prix,Other,12:00:00Z,silverstone
Other,1988,9,German Grand Prix,Other,12:00:00Z,hockenheimring
Other,1988,10,Hungarian Grand Prix,Other,12:00:00Z,hungaroring
Other,1988,11,Belgian Grand Prix,Other,12:00:00Z,spa
Other,1988,12,Italian Grand Prix,Other,12:00:00Z,monza
Other,1988,13,Portuguese Grand Prix,Other,12:00:00Z,estoril
Other,1988,14,Spanish Grand Prix,Other,12:00:00Z,Other
Other,1988,15,Japanese Grand Prix,Other,12:00:00Z,suzuka
Other,1988,16,Australian Grand Prix,Other,12:00:00Z,Other
Other,1989,1,Brazilian Grand Prix,Other,12:00:00Z,Other
Other,1989,2,San Marino Grand Prix,Other,12:00:00Z,imola
Other,1989,3,Monaco Grand Prix,Other,12:00:00Z,monaco
Other,1989,4,Mexican Grand Prix,Other,12:00:00Z,rodriguez
Other,1989,5,United States Grand Prix,Other,12:00:00Z,Other
Other,1989,6,Canadian Grand Prix,Other,12:00:00Z,villeneuve
Other,1989,7,French Grand Prix,Other,12:00:00Z,ricard
Other,1989,8,British Grand Prix,Other,12:00:00Z,silverstone
Other,1989,9,German Grand Prix,Other,12:00:00Z,hockenheimring
Other,1989,10,Hungarian Grand Prix,Other,12:00:00Z,hungaroring
Other,1989,11,Belgian Grand Prix,Other,12:00:00Z,spa
Other,1989,12,Italian Grand Prix,Other,12:00:00Z,monza
Other,1989,13,Portuguese Grand Prix,Other,12:00:00Z,estoril
Other,1989,14,Spanish Grand Prix,Other,12:00:00Z,Other
Other,1989,15,Japanese Grand Prix,Other,12:00:00Z,suzuka
Other,1989,16,Australian Grand Prix,Other,12:00:00Z,Other
Other,1990,1,United States Grand Prix,Other,12:00:00Z,Other
Other,1990,2,Brazilian Grand Prix,Other,12:00:00Z,interlagos
Other,1990,3,San Marino Grand Prix,Other,12:00:00Z,imola
Other,1990,4,Monaco Grand Prix,Other,12:00:00Z,monaco
Other,1990,5,Canadian Grand Prix,Other,12:00:00Z,villeneuve
Other,1990,6,Mexican Grand Prix,Other,12:00:00Z,rodriguez
Other,1990,7,French Grand Prix,Other,12:00:00Z,ricard
Other,1990,8,British Grand Prix,Other,12:00:00Z,silverstone
Other,1990,9,German Grand Prix,Other,12:00:00Z,hockenheimring
Other,1990,10,Hungarian Grand Prix,Other,12:00:00Z,hungaroring
Other,1990,11,Belgian Grand Prix,Other,12:00:00Z,spa
Other,1990,12,Italian Grand Prix,Other,12:00:00Z,monza
Other,1990,13,Portuguese Grand Prix,Other,12:00:00Z,estoril
Other,1990,14,Spanish Grand Prix,Other,12:00:00Z,Other
Other,1990,15,Japanese Grand Prix,Other,12:00:00Z,suzuka
Other,1990,16,Australian Grand Prix,Other,12:00:00Z,Other
Other,1991,1,United States Grand Prix,Other,12:00:00Z,Other
Other,1991,2,Brazilian Grand Prix,Other,12:00:00Z,interlagos
Other,1991,3,San Marino Grand Prix,Other,12:00:00Z,imola
Other,1991,4,Monaco Grand Prix,Other,12:00:00Z,monaco
Other,1991,5,Canadian Grand Prix,Other,12:00:00Z,villeneuve
Other,1991,6,Mexican Grand Prix,Other,12:00:00Z,rodriguez
Other,1991,7,French Grand Prix,Other,12:00:00Z,magny_cours
Other,1991,8,British Grand Prix,Other,12:00:00Z,silverstone
Other,1991,9,German Grand Prix,Other,12:00:00Z,hockenheimring
Other,1991,10,Hungarian Grand Prix,Other,12:00:00Z,hungaroring
Other,1991,11,Belgian Grand Prix,Other,12:00:00Z,spa
Other,1991,12,Italian Grand Prix,Other,12:00:00Z,monza
Other,1991,13,Portuguese Grand Prix,Other,12:00:00Z,estoril
Other,1991,14,Spanish Grand Prix,Other,12:00:00Z,catalunya
Other,1991,15,Japanese Grand Prix,Other,12:00:00Z,suzuka
Other,1991,16,Australian Grand Prix,Other,12:00:00Z,Other
Other,1992,1,South African Grand Prix,Other,12:00:00Z,kyalami
Other,1992,2,Mexican Grand Prix,Other,12:00:00Z,rodriguez
Other,1992,3,Brazilian Grand Prix,Other,12:00:00Z,interlagos
Other,1992,4,Spanish Grand Prix,Other,12:00:00Z,catalunya
Other,1992,5,San Marino Grand Prix,Other,12:00:00Z,imola
Other,1992,6,Monaco Grand Prix,Other,12:00:00Z,monaco
Other,1992,7,Canadian Grand Prix,Other,12:00:00Z,villeneuve
Other,1992,8,French Grand Prix,Other,12:00:00Z,magny_cours
Other,1992,9,British Grand Prix,Other,12:00:00Z,silverstone
Other,1992,10,German Grand Prix,Other,12:00:00Z,hockenheimring
Other,1992,11,Hungarian Grand Prix,Other,12:00:00Z,hungaroring
Other,1992,12,Belgian Grand Prix,Other,12:00:00Z,spa
Other,1992,13,Italian Grand Prix,Other,12:00:00Z,monza
Other,1992,14,Portuguese Grand Prix,Other,12:00:00Z,estoril
Other,1992,15,Japanese Grand Prix,Other,12:00:00Z,suzuka
Other,1992,16,Australian Grand Prix,Other,12:00:00Z,Other
Other,1993,1,South African Grand Prix,Other,12:00:00Z,kyalami
Other,1993,2,Brazilian Grand Prix,Other,12:00:00Z,interlagos
Other,1993,3,European Grand Prix,Other,12:00:00Z,Other
Other,1993,4,San Marino Grand Prix,Other,12:00:00Z,imola
Other,1993,5,Spanish Grand Prix,Other,12:00:00Z,catalunya
Other,1993,6,Monaco Grand Prix,Other,12:00:00Z,monaco
Other,1993,7,Canadian Grand Prix,Other,12:00:00Z,villeneuve
Other,1993,8,French Grand Prix,Other,12:00:00Z,magny_cours
Other,1993,9,British Grand Prix,Other,12:00:00Z,silverstone
Other,1993,10,German Grand Prix,Other,12:00:00Z,hockenheimring
Other,1993,11,Hungarian Grand Prix,Other,12:00:00Z,hungaroring
Other,1993,12,Belgian Grand Prix,Other,12:00:00Z,spa
Other,1993,13,Italian Grand Prix,Other,12:00:00Z,monza
Other,1993,14,Portuguese Grand Prix,Other,12:00:00Z,estoril
Other,1993,15,Japanese Grand Prix,Other,12:00:00Z,suzuka
Other,1993,16,Australian Grand Prix,Other,12:00:00Z,Other
Other,1994,1,Brazilian Grand Prix,Other,12:00:00Z,interlagos
Other,1994,2,Other,Other,12:00:00Z,Other
Other,1994,3,San Marino Grand Prix,Other,12:00:00Z,imola
Other,1994,4,Monaco Grand Prix,Other,12:00:00Z,monaco
Other,1994,5,Spanish Grand Prix,Other,12:00:00Z,catalunya
Other,1994,6,Canadian Grand Prix,Other,12:00:00Z,villeneuve
Other,1994,7,French Grand Prix,Other,12:00:00Z,magny_cours
Other,1994,8,British Grand Prix,Other,12:00:00Z,silverstone
Other,1994,9,German Grand Prix,Other,12:00:00Z,hockenheimring
Other,1994,10,Hungarian Grand Prix,Other,12:00:00Z,hungaroring
Other,1994,11,Belgian Grand Prix,Other,12:00:00Z,spa
Other,1994,12,Italian Grand Prix,Other,12:00:00Z,monza
Other,1994,13,Portuguese Grand Prix,Other,12:00:00Z,estoril
Other,1994,14,European Grand Prix,Other,12:00:00Z,Other
Other,1994,15,Japanese Grand Prix,Other,12:00:00Z,suzuka
Other,1994,16,Australian Grand Prix,Other,12:00:00Z,Other
Other,1995,1,Brazilian Grand Prix,Other,12:00:00Z,interlagos
Other,1995,2,Argentine Grand Prix,Other,12:00:00Z,galvez
Other,1995,3,San Marino Grand Prix,Other,12:00:00Z,imola
Other,1995,4,Spanish Grand Prix,Other,12:00:00Z,catalunya
Other,1995,5,Monaco Grand Prix,Other,12:00:00Z,monaco
Other,1995,6,Canadian Grand Prix,Other,12:00:00Z,villeneuve
Other,1995,7,French Grand Prix,Other,12:00:00Z,magny_cours
Other,1995,8,British Grand Prix,Other,12:00:00Z,silverstone
Other,1995,9,German Grand Prix,Other,12:00:00Z,hockenheimring
Other,1995,10,Hungarian Grand Prix,Other,12:00:00Z,hungaroring
Other,1995,11,Belgian Grand Prix,Other,12:00:00Z,spa
Other,1995,12,Italian Grand Prix,Other,12:00:00Z,monza
Other,1995,13,Portuguese Grand Prix,Other,12:00:00Z,estoril
Other,1995,14,European Grand Prix,Other,12:00:00Z,nurburgring
Other,1995,15,Other,Other,12:00:00Z,Other
Other,1995,16,Japanese Grand Prix,Other,12:00:00Z,suzuka
Other,1995,17,Australian Grand Prix,Other,12:00:00Z,Other
Other,1996,1,Australian Grand Prix,Other,12:00:00Z,albert_park
Other,1996,2,Brazilian Grand Prix,Other,12:00:00Z,interlagos
Other,1996,3,Argentine Grand Prix,Other,12:00:00Z,galvez
Other,1996,4,European Grand Prix,Other,12:00:00Z,nurburgring
Other,1996,5,San Marino Grand Prix,Other,12:00:00Z,imola
Other,1996,6,Monaco Grand Prix,Other,12:00:00Z,monaco
Other,1996,7,Spanish Grand Prix,Other,12:00:00Z,catalunya
Other,1996,8,Canadian Grand Prix,Other,12:00:00Z,villeneuve
Other,1996,9,French Grand Prix,Other,12:00:00Z,magny_cours
Other,1996,10,British Grand Prix,Other,12:00:00Z,silverstone
Other,1996,11,German Grand Prix,Other,12:00:00Z,hockenheimring
Other,1996,12,Hungarian Grand Prix,Other,12:00:00Z,hungaroring
Other,1996,13,Belgian Grand Prix,Other,12:00:00Z,spa
Other,1996,14,Italian Grand Prix,Other,12:00:00Z,monza
Other,1996,15,Portuguese Grand Prix,Other,12:00:00Z,estoril
Other,1996,16,Japanese Grand Prix,Other,12:00:00Z,suzuka
Other,1997,1,Australian Grand Prix,Other,12:00:00Z,albert_park
Other,1997,2,Brazilian Grand Prix,Other,12:00:00Z,interlagos
Other,1997,3,Argentine Grand Prix,Other,12:00:00Z,galvez
Other,1997,4,San Marino Grand Prix,Other,12:00:00Z,imola
Other,1997,5,Monaco Grand Prix,Other,12:00:00Z,monaco
Other,1997,6,Spanish Grand Prix,Other,12:00:00Z,catalunya
Other,1997,7,Canadian Grand Prix,Other,12:00:00Z,villeneuve
Other,1997,8,French Grand Prix,Other,12:00:00Z,magny_cours
Other,1997,9,British Grand Prix,Other,12:00:00Z,silverstone
Other,1997,10,German Grand Prix,Other,12:00:00Z,hockenheimring
Other,1997,11,Hungarian Grand Prix,Other,12:00:00Z,hungaroring
Other,1997,12,Belgian Grand Prix,Other,12:00:00Z,spa
Other,1997,13,Italian Grand Prix,Other,12:00:00Z,monza
Other,1997,14,Austrian Grand Prix,Other,12:00:00Z,red_bull_ring
Other,1997,15,Other,Other,12:00:00Z,nurburgring
Other,1997,16,Japanese Grand Prix,Other,12:00:00Z,suzuka
Other,1997,17,European Grand Prix,Other,12:00:00Z,Other
Other,1998,1,Australian Grand Prix,Other,12:00:00Z,albert_park
Other,1998,2,Brazilian Grand Prix,Other,12:00:00Z,interlagos
Other,1998,3,Argentine Grand Prix,Other,12:00:00Z,galvez
Other,1998,4,San Marino Grand Prix,Other,12:00:00Z,imola
Other,1998,5,Spanish Grand Prix,Other,12:00:00Z,catalunya
Other,1998,6,Monaco Grand Prix,Other,12:00:00Z,monaco
Other,1998,7,Canadian Grand Prix,Other,12:00:00Z,villeneuve
Other,1998,8,French Grand Prix,Other,12:00:00Z,magny_cours
Other,1998,9,British Grand Prix,Other,12:00:00Z,silverstone
Other,1998,10,Austrian Grand Prix,Other,12:00:00Z,red_bull_ring
Other,1998,11,German Grand Prix,Other,12:00:00Z,hockenheimring
Other,1998,12,Hungarian Grand Prix,Other,12:00:00Z,hungaroring
Other,1998,13,Belgian Grand Prix,Other,12:00:00Z,spa
Other,1998,14,Italian Grand Prix,Other,12:00:00Z,monza
Other,1998,15,Other,Other,12:00:00Z,nurburgring
Other,1998,16,Japanese Grand Prix,Other,12:00:00Z,suzuka
Other,1999,1,Australian Grand Prix,Other,12:00:00Z,albert_park
Other,1999,2,Brazilian Grand Prix,Other,12:00:00Z,interlagos
Other,1999,3,San Marino Grand Prix,Other,12:00:00Z,imola
Other,1999,4,Monaco Grand Prix,Other,12:00:00Z,monaco
Other,1999,5,Spanish Grand Prix,Other,12:00:00Z,catalunya
Other,1999,6,Canadian Grand Prix,Other,12:00:00Z,villeneuve
Other,1999,7,French Grand Prix,Other,12:00:00Z,magny_cours
Other,1999,8,British Grand Prix,Other,12:00:00Z,silverstone
Other,1999,9,Austrian Grand Prix,Other,12:00:00Z,red_bull_ring
Other,1999,10,German Grand Prix,Other,12:00:00Z,hockenheimring
Other,1999,11,Hungarian Grand Prix,Other,12:00:00Z,hungaroring
Other,1999,12,Belgian Grand Prix,Other,12:00:00Z,spa
Other,1999,13,Italian Grand Prix,Other,12:00:00Z,monza
Other,1999,14,European Grand Prix,Other,12:00:00Z,nurburgring
Other,1999,15,Malaysian Grand Prix,Other,12:00:00Z,sepang
Other,1999,16,Japanese Grand Prix,Other,12:00:00Z,suzuka
Other,2000,1,Australian Grand Prix,Other,12:00:00Z,albert_park
Other,2000,2,Brazilian Grand Prix,Other,12:00:00Z,interlagos
Other,2000,3,San Marino Grand Prix,Other,12:00:00Z,imola
Other,2000,4,British Grand Prix,Other,12:00:00Z,silverstone
Other,2000,5,Spanish Grand Prix,Other,12:00:00Z,catalunya
Other,2000,6,European Grand Prix,Other,12:00:00Z,nurburgring
Other,2000,7,Monaco Grand Prix,Other,12:00:00Z,monaco
Other,2000,8,Canadian Grand Prix,Other,12:00:00Z,villeneuve
Other,2000,9,French Grand Prix,Other,12:00:00Z,magny_cours
Other,2000,10,Austrian Grand Prix,Other,12:00:00Z,red_bull_ring
Other,2000,11,German Grand Prix,Other,12:00:00Z,hockenheimring
Other,2000,12,Hungarian Grand Prix,Other,12:00:00Z,hungaroring
Other,2000,13,Belgian Grand Prix,Other,12:00:00Z,spa
Other,2000,14,Italian Grand Prix,Other,12:00:00Z,monza
Other,2000,15,United States Grand Prix,Other,12:00:00Z,indianapolis
Other,2000,16,Japanese Grand Prix,Other,12:00:00Z,suzuka
Other,2000,17,Malaysian Grand Prix,Other,12:00:00Z,sepang
Other,2001,1,Australian Grand Prix,Other,12:00:00Z,albert_park
Other,2001,2,Malaysian Grand Prix,Other,12:00:00Z,sepang
Other,2001,3,Brazilian Grand Prix,Other,12:00:00Z,interlagos
Other,2001,4,San Marino Grand Prix,Other,12:00:00Z,imola
Other,2001,5,Spanish Grand Prix,Other,12:00:00Z,catalunya
Other,2001,6,Austrian Grand Prix,Other,12:00:00Z,red_bull_ring
Other,2001,7,Monaco Grand Prix,Other,12:00:00Z,monaco
Other,2001,8,Canadian Grand Prix,Other,12:00:00Z,villeneuve
Other,2001,9,European Grand Prix,Other,12:00:00Z,nurburgring
Other,2001,10,French Grand Prix,Other,12:00:00Z,magny_cours
Other,2001,11,British Grand Prix,Other,12:00:00Z,silverstone
Other,2001,12,German Grand Prix,Other,12:00:00Z,hockenheimring
Other,2001,13,Hungarian Grand Prix,Other,12:00:00Z,hungaroring
Other,2001,14,Belgian Grand Prix,Other,12:00:00Z,spa
Other,2001,15,Italian Grand Prix,Other,12:00:00Z,monza
Other,2001,16,United States Grand Prix,Other,12:00:00Z,indianapolis
Other,2001,17,Japanese Grand Prix,Other,12:00:00Z,suzuka
Other,2002,1,Australian Grand Prix,Other,12:00:00Z,albert_park
Other,2002,2,Malaysian Grand Prix,Other,12:00:00Z,sepang
Other,2002,3,Brazilian Grand Prix,Other,12:00:00Z,interlagos
Other,2002,4,San Marino Grand Prix,Other,12:00:00Z,imola
Other,2002,5,Spanish Grand Prix,Other,12:00:00Z,catalunya
Other,2002,6,Austrian Grand Prix,Other,12:00:00Z,red_bull_ring
Other,2002,7,Monaco Grand Prix,Other,12:00:00Z,monaco
Other,2002,8,Canadian Grand Prix,Other,12:00:00Z,villeneuve
Other,2002,9,European Grand Prix,Other,12:00:00Z,nurburgring
Other,2002,10,British Grand Prix,Other,12:00:00Z,silverstone
Other,2002,11,French Grand Prix,Other,12:00:00Z,magny_cours
Other,2002,12,German Grand Prix,Other,12:00:00Z,hockenheimring
Other,2002,13,Hungarian Grand Prix,Other,12:00:00Z,hungaroring
Other,2002,14,Belgian Grand Prix,Other,12:00:00Z,spa
Other,2002,15,Italian Grand Prix,Other,12:00:00Z,monza
Other,2002,16,United States Grand Prix,Other,12:00:00Z,indianapolis
Other,2002,17,Japanese Grand Prix,Other,12:00:00Z,suzuka
Other,2003,1,Australian Grand Prix,Other,12:00:00Z,albert_park
Other,2003,2,Malaysian Grand Prix,Other,12:00:00Z,sepang
Other,2003,3,Brazilian Grand Prix,Other,12:00:00Z,interlagos
Other,2003,4,San Marino Grand Prix,Other,12:00:00Z,imola
Other,2003,5,Spanish Grand Prix,Other,12:00:00Z,catalunya
Other,2003,6,Austrian Grand Prix,Other,12:00:00Z,red_bull_ring
Other,2003,7,Monaco Grand Prix,Other,12:00:00Z,monaco
Other,2003,8,Canadian Grand Prix,Other,12:00:00Z,villeneuve
Other,2003,9,European Grand Prix,Other,12:00:00Z,nurburgring
Other,2003,10,French Grand Prix,Other,12:00:00Z,magny_cours
Other,2003,11,British Grand Prix,Other,12:00:00Z,silverstone
Other,2003,12,German Grand Prix,Other,12:00:00Z,hockenheimring
Other,2003,13,Hungarian Grand Prix,Other,12:00:00Z,hungaroring
Other,2003,14,Italian Grand Prix,Other,12:00:00Z,monza
Other,2003,15,United States Grand Prix,Other,12:00:00Z,indianapolis
Other,2003,16,Japanese Grand Prix,Other,12:00:00Z,suzuka
Other,2004,1,Australian Grand Prix,Other,12:00:00Z,albert_park
Other,2004,2,Malaysian Grand Prix,Other,12:00:00Z,sepang
Other,2004,3,Bahrain Grand Prix,Other,12:00:00Z,bahrain
Other,2004,4,San Marino Grand Prix,Other,12:00:00Z,imola
Other,2004,5,Spanish Grand Prix,Other,12:00:00Z,catalunya
Other,2004,6,Monaco Grand Prix,Other,12:00:00Z,monaco
Other,2004,7,European Grand Prix,Other,12:00:00Z,nurburgring
Other,2004,8,Canadian Grand Prix,Other,12:00:00Z,villeneuve
Other,2004,9,United States Grand Prix,Other,12:00:00Z,indianapolis
Other,2004,10,French Grand Prix,Other,12:00:00Z,magny_cours
Other,2004,11,British Grand Prix,Other,12:00:00Z,silverstone
Other,2004,12,German Grand Prix,Other,12:00:00Z,hockenheimring
Other,2004,13,Hungarian Grand Prix,Other,12:00:00Z,hungaroring
Other,2004,14,Belgian Grand Prix,Other,12:00:00Z,spa
Other,2004,15,Italian Grand Prix,Other,12:00:00Z,monza
Other,2004,16,Chinese Grand Prix,Other,12:00:00Z,shanghai
Other,2004,17,Japanese Grand Prix,Other,12:00:00Z,suzuka
Other,2004,18,Brazilian Grand Prix,Other,12:00:00Z,interlagos
Other,2005,1,Australian Grand Prix,Other,14:00:00Z,albert_park
Other,2005,2,Malaysian Grand Prix,Other,15:00:00Z,sepang
Other,2005,3,Bahrain Grand Prix,Other,Other,bahrain
Other,2005,4,San Marino Grand Prix,Other,14:00:00Z,imola
Other,2005,5,Spanish Grand Prix,Other,14:00:00Z,catalunya
Other,2005,6,Monaco Grand Prix,Other,14:00:00Z,monaco
Other,2005,7,European Grand Prix,Other,14:00:00Z,nurburgring
Other,2005,8,Canadian Grand Prix,Other,13:00:00Z,villeneuve
Other,2005,9,United States Grand Prix,Other,14:00:00Z,indianapolis
Other,2005,10,French Grand Prix,Other,14:00:00Z,magny_cours
Other,2005,11,British Grand Prix,Other,14:00:00Z,silverstone
Other,2005,12,German Grand Prix,Other,14:00:00Z,hockenheimring
Other,2005,13,Hungarian Grand Prix,Other,14:00:00Z,hungaroring
Other,2005,14,Other,Other,15:00:00Z,Other
Other,2005,15,Italian Grand Prix,Other,14:00:00Z,monza
Other,2005,16,Belgian Grand Prix,Other,14:00:00Z,spa
Other,2005,17,Brazilian Grand Prix,Other,14:00:00Z,interlagos
Other,2005,18,Japanese Grand Prix,Other,14:00:00Z,suzuka
Other,2005,19,Chinese Grand Prix,Other,14:00:00Z,shanghai
Other,2006,1,Bahrain Grand Prix,Other,Other,bahrain
Other,2006,2,Malaysian Grand Prix,Other,15:00:00Z,sepang
Other,2006,3,Australian Grand Prix,Other,14:00:00Z,albert_park
Other,2006,4,San Marino Grand Prix,Other,14:00:00Z,imola
Other,2006,5,European Grand Prix,Other,14:00:00Z,nurburgring
Other,2006,6,Spanish Grand Prix,Other,14:00:00Z,catalunya
Other,2006,7,Monaco Grand Prix,Other,14:00:00Z,monaco
Other,2006,8,British Grand Prix,Other,12:00:00Z,silverstone
Other,2006,9,Canadian Grand Prix,Other,13:00:00Z,villeneuve
Other,2006,10,United States Grand Prix,Other,14:00:00Z,indianapolis
Other,2006,11,French Grand Prix,Other,14:00:00Z,magny_cours
Other,2006,12,German Grand Prix,Other,14:00:00Z,hockenheimring
Other,2006,13,Hungarian Grand Prix,Other,14:00:00Z,hungaroring
Other,2006,14,Other,Other,15:00:00Z,Other
Other,2006,15,Italian Grand Prix,Other,14:00:00Z,monza
Other,2006,16,Chinese Grand Prix,Other,14:00:00Z,shanghai
Other,2006,17,Japanese Grand Prix,Other,14:00:00Z,suzuka
Other,2006,18,Brazilian Grand Prix,Other,14:00:00Z,interlagos
Other,2007,1,Australian Grand Prix,Other,Other,albert_park
Other,2007,2,Malaysian Grand Prix,Other,07:00:00Z,sepang
Other,2007,3,Bahrain Grand Prix,Other,Other,bahrain
Other,2007,4,Spanish Grand Prix,Other,12:00:00Z,catalunya
Other,2007,5,Monaco Grand Prix,Other,12:00:00Z,monaco
Other,2007,6,Canadian Grand Prix,Other,17:00:00Z,villeneuve
Other,2007,7,United States Grand Prix,Other,17:00:00Z,indianapolis
Other,2007,8,French Grand Prix,Other,12:00:00Z,magny_cours
Other,2007,9,British Grand Prix,Other,12:00:00Z,silverstone
Other,2007,10,European Grand Prix,Other,12:00:00Z,nurburgring
Other,2007,11,Hungarian Grand Prix,Other,12:00:00Z,hungaroring
Other,2007,12,Other,Other,12:00:00Z,Other
Other,2007,13,Italian Grand Prix,Other,12:00:00Z,monza
Other,2007,14,Belgian Grand Prix,Other,12:00:00Z,spa
Other,2007,15,Japanese Grand Prix,Other,Other,Other
Other,2007,16,Chinese Grand Prix,Other,06:00:00Z,shanghai
Other,2007,17,Brazilian Grand Prix,Other,16:00:00Z,interlagos
Other,2008,1,Australian Grand Prix,Other,Other,albert_park
Other,2008,2,Malaysian Grand Prix,Other,07:00:00Z,sepang
Other,2008,3,Bahrain Grand Prix,Other,Other,bahrain
Other,2008,4,Spanish Grand Prix,Other,12:00:00Z,catalunya
Other,2008,5,Other,Other,12:00:00Z,Other
Other,2008,6,Monaco Grand Prix,Other,12:00:00Z,monaco
Other,2008,7,Canadian Grand Prix,Other,17:00:00Z,villeneuve
Other,2008,8,French Grand Prix,Other,12:00:00Z,magny_cours
Other,2008,9,British Grand Prix,Other,12:00:00Z,silverstone
Other,2008,10,German Grand Prix,Other,12:00:00Z,hockenheimring
Other,2008,11,Hungarian Grand Prix,Other,12:00:00Z,hungaroring
Other,2008,12,European Grand Prix,Other,12:00:00Z,Other
Other,2008,13,Belgian Grand Prix,Other,12:00:00Z,spa
Other,2008,14,Italian Grand Prix,Other,12:00:00Z,monza
Other,2008,15,Singapore Grand Prix,Other,12:00:00Z,marina_bay
Other,2008,16,Japanese Grand Prix,Other,Other,Other
Other,2008,17,Chinese Grand Prix,Other,07:00:00Z,shanghai
Other,2008,18,Brazilian Grand Prix,Other,17:00:00Z,interlagos
Other,2009,1,Australian Grand Prix,Other,06:00:00Z,albert_park
Other,2009,2,Malaysian Grand Prix,Other,Other,sepang
Other,2009,3,Chinese Grand Prix,Other,07:00:00Z,shanghai
Other,2009,4,Bahrain Grand Prix,Other,12:00:00Z,bahrain
Other,2009,5,Spanish Grand Prix,Other,12:00:00Z,catalunya
Other,2009,6,Monaco Grand Prix,Other,12:00:00Z,monaco
Other,2009,7,Other,Other,12:00:00Z,Other
Other,2009,8,British Grand Prix,Other,12:00:00Z,silverstone
Other,2009,9,German Grand Prix,Other,12:00:00Z,nurburgring
Other,2009,10,Hungarian Grand Prix,Other,12:00:00Z,hungaroring
Other,2009,11,European Grand Prix,Other,12:00:00Z,Other
Other,2009,12,Belgian Grand Prix,Other,12:00:00Z,spa
Other,2009,13,Italian Grand Prix,Other,12:00:00Z,monza
Other,2009,14,Singapore Grand Prix,Other,12:00:00Z,marina_bay
Other,2009,15,Japanese Grand Prix,Other,05:00:00Z,suzuka
Other,2009,16,Brazilian Grand Prix,Other,16:00:00Z,interlagos
Other,2009,17,Abu Dhabi Grand Prix,Other,Other,yas_marina
Other,2010,1,Bahrain Grand Prix,Other,12:00:00Z,bahrain
Other,2010,2,Australian Grand Prix,Other,06:00:00Z,albert_park
Other,2010,3,Malaysian Grand Prix,Other,Other,sepang
Other,2010,4,Chinese Grand Prix,Other,06:00:00Z,shanghai
Other,2010,5,Spanish Grand Prix,Other,12:00:00Z,catalunya
Other,2010,6,Monaco Grand Prix,Other,12:00:00Z,monaco
Other,2010,7,Other,Other,Other,Other
Other,2010,8,Canadian Grand Prix,Other,16:00:00Z,villeneuve
Other,2010,9,European Grand Prix,Other,12:00:00Z,Other
Other,2010,10,British Grand Prix,Other,12:00:00Z,silverstone
Other,2010,11,German Grand Prix,Other,12:00:00Z,hockenheimring
Other,2010,12,Hungarian Grand Prix,Other,12:00:00Z,hungaroring
Other,2010,13,Belgian Grand Prix,Other,12:00:00Z,spa
Other,2010,14,Italian Grand Prix,Other,12:00:00Z,monza
Other,2010,15,Singapore Grand Prix,Other,12:00:00Z,marina_bay
Other,2010,16,Japanese Grand Prix,Other,06:00:00Z,suzuka
Other,2010,17,Other,Other,05:00:00Z,Other
Other,2010,18,Brazilian Grand Prix,Other,16:00:00Z,interlagos
Other,2010,19,Abu Dhabi Grand Prix,Other,13:00:00Z,yas_marina
Other,2011,1,Australian Grand Prix,Other,06:00:00Z,albert_park
Other,2011,2,Malaysian Grand Prix,Other,Other,sepang
Other,2011,3,Chinese Grand Prix,Other,07:00:00Z,shanghai
Other,2011,4,Other,Other,12:00:00Z,Other
Other,2011,5,Spanish Grand Prix,Other,12:00:00Z,catalunya
Other,2011,6,Monaco Grand Prix,Other,12:00:00Z,monaco
Other,2011,7,Canadian Grand Prix,Other,17:00:00Z,villeneuve
Other,2011,8,European Grand Prix,Other,12:00:00Z,Other
Other,2011,9,British Grand Prix,Other,12:00:00Z,silverstone
Other,2011,10,German Grand Prix,Other,12:00:00Z,nurburgring
Other,2011,11,Hungarian Grand Prix,Other,12:00:00Z,hungaroring
Other,2011,12,Belgian Grand Prix,Other,12:00:00Z,spa
Other,2011,13,Italian Grand Prix,Other,12:00:00Z,monza
Other,2011,14,Singapore Grand Prix,Other,12:00:00Z,marina_bay
Other,2011,15,Japanese Grand Prix,Other,06:00:00Z,suzuka
Other,2011,16,Other,Other,06:00:00Z,Other
Other,2011,17,Other,Other,Other,Other
Other,2011,18,Abu Dhabi Grand Prix,Other,13:00:00Z,yas_marina
Other,2011,19,Brazilian Grand Prix,Other,16:00:00Z,interlagos
Other,2012,1,Australian Grand Prix,Other,06:00:00Z,albert_park
Other,2012,2,Malaysian Grand Prix,Other,Other,sepang
Other,2012,3,Chinese Grand Prix,Other,07:00:00Z,shanghai
Other,2012,4,Bahrain Grand Prix,Other,12:00:00Z,bahrain
Other,2012,5,Spanish Grand Prix,Other,12:00:00Z,catalunya
Other,2012,6,Monaco Grand Prix,Other,12:00:00Z,monaco
Other,2012,7,Canadian Grand Prix,Other,Other,villeneuve
Other,2012,8,European Grand Prix,Other,12:00:00Z,Other
Other,2012,9,British Grand Prix,Other,12:00:00Z,silverstone
Other,2012,10,German Grand Prix,Other,12:00:00Z,hockenheimring
Other,2012,11,Hungarian Grand Prix,Other,12:00:00Z,hungaroring
Other,2012,12,Belgian Grand Prix,Other,12:00:00Z,spa
Other,2012,13,Italian Grand Prix,Other,12:00:00Z,monza
Other,2012,14,Singapore Grand Prix,Other,12:00:00Z,marina_bay
Other,2012,15,Japanese Grand Prix,Other,06:00:00Z,suzuka
Other,2012,16,Other,Other,06:00:00Z,Other
Other,2012,17,Other,Other,Other,Other
Other,2012,18,Abu Dhabi Grand Prix,Other,13:00:00Z,yas_marina
Other,2012,19,United States Grand Prix,Other,19:00:00Z,americas
Other,2012,20,Brazilian Grand Prix,Other,16:00:00Z,interlagos
Other,2013,1,Australian Grand Prix,Other,06:00:00Z,albert_park
Other,2013,2,Malaysian Grand Prix,Other,Other,sepang
Other,2013,3,Chinese Grand Prix,Other,07:00:00Z,shanghai
Other,2013,4,Bahrain Grand Prix,Other,12:00:00Z,bahrain
Other,2013,5,Spanish Grand Prix,Other,12:00:00Z,catalunya
Other,2013,6,Monaco Grand Prix,Other,12:00:00Z,monaco
Other,2013,7,Canadian Grand Prix,Other,Other,villeneuve
Other,2013,8,British Grand Prix,Other,12:00:00Z,silverstone
Other,2013,9,German Grand Prix,Other,12:00:00Z,nurburgring
Other,2013,10,Hungarian Grand Prix,Other,12:00:00Z,hungaroring
Other,2013,11,Belgian Grand Prix,Other,12:00:00Z,spa
Other,2013,12,Italian Grand Prix,Other,12:00:00Z,monza
Other,2013,13,Singapore Grand Prix,Other,12:00:00Z,marina_bay
Other,2013,14,Other,Other,06:00:00Z,Other
Other,2013,15,Japanese Grand Prix,Other,06:00:00Z,suzuka
Other,2013,16,Other,Other,Other,Other
Other,2013,17,Abu Dhabi Grand Prix,Other,13:00:00Z,yas_marina
Other,2013,18,United States Grand Prix,Other,19:00:00Z,americas
Other,2013,19,Brazilian Grand Prix,Other,16:00:00Z,interlagos
Other,2014,1,Australian Grand Prix,Other,06:00:00Z,albert_park
Other,2014,2,Malaysian Grand Prix,Other,Other,sepang
Other,2014,3,Bahrain Grand Prix,Other,15:00:00Z,bahrain
Other,2014,4,Chinese Grand Prix,Other,07:00:00Z,shanghai
Other,2014,5,Spanish Grand Prix,Other,12:00:00Z,catalunya
Other,2014,6,Monaco Grand Prix,Other,12:00:00Z,monaco
Other,2014,7,Canadian Grand Prix,Other,Other,villeneuve
Other,2014,8,Austrian Grand Prix,Other,12:00:00Z,red_bull_ring
Other,2014,9,British Grand Prix,Other,12:00:00Z,silverstone
Other,2014,10,German Grand Prix,Other,12:00:00Z,hockenheimring
Other,2014,11,Hungarian Grand Prix,Other,12:00:00Z,hungaroring
Other,2014,12,Belgian Grand Prix,Other,12:00:00Z,spa
Other,2014,13,Italian Grand Prix,Other,12:00:00Z,monza
Other,2014,14,Singapore Grand Prix,Other,12:00:00Z,marina_bay
Other,2014,15,Japanese Grand Prix,Other,06:00:00Z,suzuka
Other,2014,16,Other,Other,Other,Other
Other,2014,17,United States Grand Prix,Other,Other,americas
Other,2014,18,Brazilian Grand Prix,Other,16:00:00Z,interlagos
Other,2014,19,Abu Dhabi Grand Prix,Other,13:00:00Z,yas_marina
Other,2015,1,Australian Grand Prix,Other,05:00:00Z,albert_park
Other,2015,2,Malaysian Grand Prix,Other,07:00:00Z,sepang
Other,2015,3,Chinese Grand Prix,Other,06:00:00Z,shanghai
Other,2015,4,Bahrain Grand Prix,Other,15:00:00Z,bahrain
Other,2015,5,Spanish Grand Prix,Other,12:00:00Z,catalunya
Other,2015,6,Monaco Grand Prix,Other,12:00:00Z,monaco
Other,2015,7,Canadian Grand Prix,Other,Other,villeneuve
Other,2015,8,Austrian Grand Prix,Other,12:00:00Z,red_bull_ring
Other,2015,9,British Grand Prix,Other,12:00:00Z,silverstone
Other,2015,10,Hungarian Grand Prix,Other,12:00:00Z,hungaroring
Other,2015,11,Belgian Grand Prix,Other,12:00:00Z,spa
Other,2015,12,Italian Grand Prix,Other,12:00:00Z,monza
Other,2015,13,Singapore Grand Prix,Other,12:00:00Z,marina_bay
Other,2015,14,Japanese Grand Prix,Other,05:00:00Z,suzuka
Other,2015,15,Other,Other,Other,Other
Other,2015,16,United States Grand Prix,Other,19:00:00Z,americas
Other,2015,17,Mexican Grand Prix,Other,19:00:00Z,rodriguez
Other,2015,18,Brazilian Grand Prix,Other,16:00:00Z,interlagos
Other,2015,19,Abu Dhabi Grand Prix,Other,13:00:00Z,yas_marina
Other,2016,1,Australian Grand Prix,Other,05:00:00Z,albert_park
Other,2016,2,Bahrain Grand Prix,Other,15:00:00Z,bahrain
Other,2016,3,Chinese Grand Prix,Other,06:00:00Z,shanghai
Other,2016,4,Other,Other,12:00:00Z,Other
Other,2016,5,Spanish Grand Prix,Other,12:00:00Z,catalunya
Other,2016,6,Monaco Grand Prix,Other,12:00:00Z,monaco
Other,2016,7,Canadian Grand Prix,Other,Other,villeneuve
Other,2016,8,European Grand Prix,Other,13:00:00Z,Other
Other,2016,9,Austrian Grand Prix,Other,12:00:00Z,red_bull_ring
Other,2016,10,British Grand Prix,Other,12:00:00Z,silverstone
Other,2016,11,Hungarian Grand Prix,Other,12:00:00Z,hungaroring
Other,2016,12,German Grand Prix,Other,12:00:00Z,hockenheimring
Other,2016,13,Belgian Grand Prix,Other,12:00:00Z,spa
Other,2016,14,Italian Grand Prix,Other,12:00:00Z,monza
Other,2016,15,Singapore Grand Prix,Other,12:00:00Z,marina_bay
Other,2016,16,Malaysian Grand Prix,Other,07:00:00Z,sepang
Other,2016,17,Japanese Grand Prix,Other,05:00:00Z,suzuka
Other,2016,18,United States Grand Prix,Other,19:00:00Z,americas
Other,2016,19,Mexican Grand Prix,Other,19:00:00Z,rodriguez
Other,2016,20,Brazilian Grand Prix,Other,16:00:00Z,interlagos
Other,2016,21,Abu Dhabi Grand Prix,Other,13:00:00Z,yas_marina
Other,2017,1,Australian Grand Prix,Other,05:00:00Z,albert_park
Other,2017,2,Chinese Grand Prix,Other,06:00:00Z,shanghai
Other,2017,3,Bahrain Grand Prix,Other,15:00:00Z,bahrain
Other,2017,4,Other,Other,12:00:00Z,Other
Other,2017,5,Spanish Grand Prix,Other,12:00:00Z,catalunya
Other,2017,6,Monaco Grand Prix,Other,12:00:00Z,monaco
Other,2017,7,Canadian Grand Prix,Other,Other,villeneuve
Other,2017,8,Other,Other,13:00:00Z,Other
Other,2017,9,Austrian Grand Prix,Other,12:00:00Z,red_bull_ring
Other,2017,10,British Grand Prix,Other,12:00:00Z,silverstone
Other,2017,11,Hungarian Grand Prix,Other,12:00:00Z,hungaroring
Other,2017,12,Belgian Grand Prix,Other,12:00:00Z,spa
Other,2017,13,Italian Grand Prix,Other,12:00:00Z,monza
Other,2017,14,Singapore Grand Prix,Other,12:00:00Z,marina_bay
Other,2017,15,Malaysian Grand Prix,Other,07:00:00Z,sepang
Other,2017,16,Japanese Grand Prix,Other,05:00:00Z,suzuka
Other,2017,17,United States Grand Prix,Other,19:00:00Z,americas
Other,2017,18,Mexican Grand Prix,Other,19:00:00Z,rodriguez
Other,2017,19,Brazilian Grand Prix,Other,16:00:00Z,interlagos
Other,2017,20,Abu Dhabi Grand Prix,Other,13:00:00Z,yas_marina
Other,2018,1,Australian Grand Prix,Other,Other,albert_park
Other,2018,2,Bahrain Grand Prix,Other,Other,bahrain
Other,2018,3,Chinese Grand Prix,Other,Other,shanghai
Other,2018,4,Other,Other,Other,Other
Other,2018,5,Spanish Grand Prix,Other,13:10:00Z,catalunya
Other,2018,6,Monaco Grand Prix,Other,13:10:00Z,monaco
Other,2018,7,Canadian Grand Prix,Other,Other,villeneuve
Other,2018,8,French Grand Prix,Other,Other,ricard
Other,2018,9,Austrian Grand Prix,Other,13:10:00Z,red_bull_ring
Other,2018,10,British Grand Prix,Other,13:10:00Z,silverstone
Other,2018,11,German Grand Prix,Other,13:10:00Z,hockenheimring
Other,2018,12,Hungarian Grand Prix,Other,13:10:00Z,hungaroring
Other,2018,13,Belgian Grand Prix,Other,13:10:00Z,spa
Other,2018,14,Italian Grand Prix,Other,13:10:00Z,monza
Other,2018,15,Singapore Grand Prix,Other,Other,marina_bay
Other,2018,16,Other,Other,Other,Other
Other,2018,17,Japanese Grand Prix,Other,Other,suzuka
Other,2018,18,United States Grand Prix,Other,Other,americas
Other,2018,19,Mexican Grand Prix,Other,Other,rodriguez
Other,2018,20,Brazilian Grand Prix,Other,Other,interlagos
Other,2018,21,Abu Dhabi Grand Prix,Other,13:10:00Z,yas_marina
Other,2019,1,Australian Grand Prix,Other,Other,albert_park
Other,2019,2,Bahrain Grand Prix,Other,Other,bahrain
Other,2019,3,Chinese Grand Prix,Other,Other,shanghai
Other,2019,4,Other,Other,Other,Other
Other,2019,5,Spanish Grand Prix,Other,13:10:00Z,catalunya
Other,2019,6,Monaco Grand Prix,Other,13:10:00Z,monaco
Other,2019,7,Canadian Grand Prix,Other,Other,villeneuve
Other,2019,8,French Grand Prix,Other,13:10:00Z,ricard
Other,2019,9,Austrian Grand Prix,Other,13:10:00Z,red_bull_ring
Other,2019,10,British Grand Prix,Other,13:10:00Z,silverstone
Other,2019,11,German Grand Prix,Other,13:10:00Z,hockenheimring
Other,2019,12,Hungarian Grand Prix,Other,13:10:00Z,hungaroring
Other,2019,13,Belgian Grand Prix,Other,13:10:00Z,spa
Other,2019,14,Italian Grand Prix,Other,13:10:00Z,monza
Other,2019,15,Singapore Grand Prix,Other,Other,marina_bay
Other,2019,16,Other,Other,Other,Other
Other,2019,17,Japanese Grand Prix,Other,Other,suzuka
Other,2019,18,Mexican Grand Prix,Other,Other,rodriguez
Other,2019,19,United States Grand Prix,Other,Other,americas
Other,2019,20,Brazilian Grand Prix,Other,Other,interlagos
Other,2019,21,Abu Dhabi Grand Prix,Other,13:10:00Z,yas_marina
Other,2020,1,Austrian Grand Prix,Other,13:10:00Z,red_bull_ring
Other,2020,2,Other,Other,13:10:00Z,red_bull_ring
Other,2020,3,Hungarian Grand Prix,Other,13:10:00Z,hungaroring
Other,2020,4,British Grand Prix,Other,13:10:00Z,silverstone
Other,2020,5,Other,Other,13:10:00Z,silverstone
Other,2020,6,Spanish Grand Prix,Other,13:10:00Z,catalunya
Other,2020,7,Belgian Grand Prix,Other,13:10:00Z,spa
Other,2020,8,Italian Grand Prix,Other,13:10:00Z,monza
Other,2020,9,Other,Other,13:10:00Z,Other
Other,2020,10,Other,Other,Other,Other
Other,2020,11,Other,Other,13:10:00Z,nurburgring
Other,2020,12,Portuguese Grand Prix,Other,Other,Other
Other,2020,13,Other,Other,Other,imola
Other,2020,14,Other,Other,Other,Other
Other,2020,15,Bahrain Grand Prix,Other,Other,bahrain
Other,2020,16,Other,Other,Other,bahrain
Other,2020,17,Abu Dhabi Grand Prix,Other,13:10:00Z,yas_marina
Other,2021,1,Bahrain Grand Prix,Other,15:00:00Z,bahrain
Other,2021,2,Other,Other,13:00:00Z,imola
Other,2021,3,Portuguese Grand Prix,Other,14:00:00Z,Other
Other,2021,4,Spanish Grand Prix,Other,13:00:00Z,catalunya
Other,2021,5,Monaco Grand Prix,Other,13:00:00Z,monaco
Other,2021,6,Other,Other,12:00:00Z,Other
Other,2021,7,French Grand Prix,Other,13:00:00Z,ricard
Other,2021,8,Other,Other,13:00:00Z,red_bull_ring
Other,2021,9,Austrian Grand Prix,Other,13:00:00Z,red_bull_ring
Other,2021,10,British Grand Prix,Other,14:00:00Z,silverstone
Other,2021,11,Hungarian Grand Prix,Other,13:00:00Z,hungaroring
Other,2021,12,Belgian Grand Prix,Other,13:00:00Z,spa
Other,2021,13,Dutch Grand Prix,Other,13:00:00Z,zandvoort
Other,2021,14,Italian Grand Prix,Other,13:00:00Z,monza
Other,2021,15,Other,Other,12:00:00Z,Other
Other,2021,16,Other,Other,12:00:00Z,Other
Other,2021,17,United States Grand Prix,Other,19:00:00Z,americas
Other,2021,18,Other,Other,19:00:00Z,rodriguez
Other,2021,19,Other,Other,17:00:00Z,interlagos
Other,2021,20,Other,Other,14:00:00Z,Other
Other,2021,21,Other,Other,Other,Other
Other,2021,22,Abu Dhabi Grand Prix,Other,13:00:00Z,yas_marina
Other,2022,1,Bahrain Grand Prix,Other,15:00:00Z,bahrain
Other,2022,2,Other,Other,17:00:00Z,Other
Other,2022,3,Australian Grand Prix,Other,05:00:00Z,albert_park
Other,2022,4,Other,Other,13:00:00Z,imola
Other,2022,5,Other,Other,Other,Other
Other,2022,6,Spanish Grand Prix,Other,13:00:00Z,catalunya
Other,2022,7,Monaco Grand Prix,Other,13:00:00Z,monaco
Other,2022,8,Other,Other,Other,Other
Other,2022,9,Canadian Grand Prix,Other,Other,villeneuve
Other,2022,10,British Grand Prix,Other,14:00:00Z,silverstone
Other,2022,11,Austrian Grand Prix,Other,13:00:00Z,red_bull_ring
Other,2022,12,French Grand Prix,Other,13:00:00Z,ricard
Other,2022,13,Hungarian Grand Prix,Other,13:00:00Z,hungaroring
Other,2022,14,Belgian Grand Prix,Other,13:00:00Z,spa
Other,2022,15,Dutch Grand Prix,Other,13:00:00Z,zandvoort
Other,2022,16,Italian Grand Prix,Other,13:00:00Z,monza
Other,2022,17,Singapore Grand Prix,Other,12:00:00Z,marina_bay
Other,2022,18,Japanese Grand Prix,Other,05:00:00Z,suzuka
Other,2022,19,United States Grand Prix,Other,19:00:00Z,americas
Other,2022,20,Other,Other,Other,rodriguez
Other,2022,21,Other,Other,Other,interlagos
Other,2022,22,Abu Dhabi Grand Prix,Other,13:00:00Z,yas_marina
Other,2023,1,Bahrain Grand Prix,Other,15:00:00Z,bahrain
Other,2023,2,Other,Other,17:00:00Z,Other
Other,2023,3,Australian Grand Prix,Other,05:00:00Z,albert_park
Other,2023,4,Other,Other,Other,Other
Other,2023,5,Other,Other,Other,Other
Other,2023,6,Monaco Grand Prix,Other,13:00:00Z,monaco
Other,2023,7,Spanish Grand Prix,Other,13:00:00Z,catalunya
Other,2023,8,Canadian Grand Prix,Other,Other,villeneuve
Other,2023,9,Austrian Grand Prix,Other,13:00:00Z,red_bull_ring
Other,2023,10,British Grand Prix,Other,14:00:00Z,silverstone
Other,2023,11,Hungarian Grand Prix,Other,13:00:00Z,hungaroring
Other,2023,12,Belgian Grand Prix,Other,13:00:00Z,spa
Other,2023,13,Dutch Grand Prix,Other,13:00:00Z,zandvoort
Other,2023,14,Italian Grand Prix,Other,13:00:00Z,monza
Other,2023,15,Singapore Grand Prix,Other,12:00:00Z,marina_bay
Other,2023,16,Japanese Grand Prix,Other,05:00:00Z,suzuka
Other,2023,17,Other,Other,17:00:00Z,Other
Other,2023,18,United States Grand Prix,Other,19:00:00Z,americas
Other,2023,19,Other,Other,Other,rodriguez
Other,2023,20,Other,Other,17:00:00Z,interlagos
Other,2023,21,Other,Other,06:00:00Z,Other
Other,2023,22,Abu Dhabi Grand Prix,Other,13:00:00Z,yas_marina
Other,2024,1,Bahrain Grand Prix,Other,15:00:00Z,bahrain
Other,2024,2,Other,Other,17:00:00Z,Other
Other,2024,3,Australian Grand Prix,Other,Other,albert_park
Other,2024,4,Japanese Grand Prix,Other,05:00:00Z,suzuka
Other,2024,5,Chinese Grand Prix,Other,07:00:00Z,shanghai
Other,2024,6,Other,Other,Other,Other
Other,2024,7,Other,Other,13:00:00Z,imola
Other,2024,8,Monaco Grand Prix,Other,13:00:00Z,monaco
Other,2024,9,Canadian Grand Prix,Other,Other,villeneuve
Other,2024,10,Spanish Grand Prix,Other,13:00:00Z,catalunya
Other,2024,11,Austrian Grand Prix,Other,13:00:00Z,red_bull_ring
Other,2024,12,British Grand Prix,Other,14:00:00Z,silverstone
Other,2024,13,Hungarian Grand Prix,Other,13:00:00Z,hungaroring
Other,2024,14,Belgian Grand Prix,Other,13:00:00Z,spa
Other,2024,15,Dutch Grand Prix,Other,13:00:00Z,zandvoort
Other,2024,16,Italian Grand Prix,Other,13:00:00Z,monza
Other,2024,17,Other,Other,Other,Other
Other,2024,18,Singapore Grand Prix,Other,12:00:00Z,marina_bay
Other,2024,19,United States Grand Prix,Other,19:00:00Z,americas
Other,2024,20,Other,Other,Other,rodriguez
Other,2024,21,Other,Other,17:00:00Z,interlagos
Other,2024,22,Other,Other,06:00:00Z,Other
Other,2024,23,Other,Other,16:00:00Z,Other
Other,2024,24,Abu Dhabi Grand Prix,Other,13:00:00Z,yas_marina
Other,2025,1,Australian Grand Prix,Other,Other,albert_park
Other,2025,2,Chinese Grand Prix,Other,07:00:00Z,shanghai
Other,2025,3,Japanese Grand Prix,Other,05:00:00Z,suzuka
Other,2025,4,Bahrain Grand Prix,Other,15:00:00Z,bahrain
Other,2025,5,Other,Other,17:00:00Z,Other
Other,2025,6,Other,Other,Other,Other
Other,2025,7,Other,Other,13:00:00Z,imola
Other,2025,8,Monaco Grand Prix,Other,13:00:00Z,monaco
Other,2025,9,Spanish Grand Prix,Other,13:00:00Z,catalunya
Other,2025,10,Canadian Grand Prix,Other,Other,villeneuve
Other,2025,11,Austrian Grand Prix,Other,13:00:00Z,red_bull_ring
Other,2025,12,British Grand Prix,Other,14:00:00Z,silverstone
Other,2025,13,Belgian Grand Prix,Other,13:00:00Z,spa
Other,2025,14,Hungarian Grand Prix,Other,13:00:00Z,hungaroring
Other,2025,15,Dutch Grand Prix,Other,13:00:00Z,zandvoort
Other,2025,16,Italian Grand Prix,Other,13:00:00Z,monza
Other,2025,17,Other,Other,Other,Other
Other,2025,18,Singapore Grand Prix,Other,12:00:00Z,marina_bay
Other,2025,19,United States Grand Prix,Other,19:00:00Z,americas
Other,2025,20,Other,Other,Other,rodriguez
Other,2025,21,Other,Other,17:00:00Z,interlagos
Other,2025,22,Other,Other,Other,Other
Other,2025,23,Other,Other,16:00:00Z,Other
Other,2025,24,Abu Dhabi Grand Prix,Other,13:00:00Z,yas_marina
